tag,status,workers,partition,batch_size,rate,query_clients,query_interval_ms,n,records_received,client_end_to_end_s,server_elapsed_s,server_cpu_user_s,server_cpu_sys_s,throughput_rec_per_s,query_p50_ms,query_p95_ms,query_p99_ms,query_count,correctness,error
E1_W1_station_rep0,OK,1,station,1000,0.0,0,0,1000000,1000000,1.9520300310105085,1.950980369001627,1.9503819999999998,0.036636,512287.2005623445,,,,0,PASS,
E1_W1_batch_rr_rep0,OK,1,batch_rr,1000,0.0,0,0,1000000,1000000,1.8959846179932356,1.8949089050292969,1.9021789999999998,0.028741,527430.4393135998,,,,0,PASS,
E1_W2_station_rep0,OK,2,station,1000,0.0,0,0,1000000,1000000,2.1189042031764984,2.1178168281912804,2.114125,0.042796,471942.05311447155,,,,0,PASS,
E1_W2_batch_rr_rep0,OK,2,batch_rr,1000,0.0,0,0,1000000,1000000,1.9035771545022726,1.9025911875069141,1.9054749999999998,0.032328,525326.7500268301,,,,0,PASS,
E1_W4_station_rep0,OK,4,station,1000,0.0,0,0,1000000,1000000,2.2146320920437574,2.2136969324201345,2.2228239999999997,0.03326799999999999,451542.2690714994,,,,0,PASS,
E1_W4_batch_rr_rep0,OK,4,batch_rr,1000,0.0,0,0,1000000,1000000,1.8867411147803068,1.885721005499363,1.888596,0.03258,530014.421250602,,,,0,PASS,
E1_W8_station_rep0,OK,8,station,1000,0.0,0,0,1000000,1000000,2.3240290321409702,2.3230094220489264,2.309828,0.059858999999999996,430287.2236835905,,,,0,PASS,
E1_W8_batch_rr_rep0,OK,8,batch_rr,1000,0.0,0,0,1000000,1000000,1.872145388275385,1.8711920641362667,1.8702409999999998,0.037495,534146.5498687563,,,,0,PASS,
E1_W1_station_rep1,OK,1,station,1000,0.0,0,0,1000000,1000000,1.9112608171999454,1.910118332132697,1.9104459999999999,0.036744,523214.8281389612,,,,0,PASS,
E1_W1_batch_rr_rep1,OK,1,batch_rr,1000,0.0,0,0,1000000,1000000,1.8852074034512043,1.884083954617381,1.8798219999999999,0.040442,530445.6147208652,,,,0,PASS,
E1_W2_station_rep1,OK,2,station,1000,0.0,0,0,1000000,1000000,2.0668312273919582,2.065812772139907,2.0728370000000003,0.032181,483832.4420237521,,,,0,PASS,
E1_W2_batch_rr_rep1,OK,2,batch_rr,1000,0.0,0,0,1000000,1000000,1.8620756156742573,1.861006135120988,1.847883,0.048582,537035.1190802207,,,,0,PASS,
E1_W4_station_rep1,OK,4,station,1000,0.0,0,0,1000000,1000000,2.172845486551523,2.1718015279620886,2.152198,0.06127099999999999,460226.0060318779,,,,0,PASS,
E1_W4_batch_rr_rep1,OK,4,batch_rr,1000,0.0,0,0,1000000,1000000,1.8612572215497494,1.8601962327957153,1.874266,0.023039999999999998,537271.2532270871,,,,0,PASS,
E1_W8_station_rep1,OK,8,station,1000,0.0,0,0,1000000,1000000,2.3267892338335514,2.3257662523537874,2.328985,0.043857,429776.7865946451,,,,0,PASS,
E1_W8_batch_rr_rep1,OK,8,batch_rr,1000,0.0,0,0,1000000,1000000,1.844965672120452,1.8439130671322346,1.846396,0.034103999999999995,542015.5047387317,,,,0,PASS,
E1_W1_station_rep2,OK,1,station,1000,0.0,0,0,1000000,1000000,1.8812142927199602,1.8801263011991978,1.8824999999999998,0.03644,531571.5513484359,,,,0,PASS,
E1_W1_batch_rr_rep2,OK,1,batch_rr,1000,0.0,0,0,1000000,1000000,1.866124827414751,1.8650232125073671,1.8711719999999998,0.031978,535869.8332015425,,,,0,PASS,
E1_W2_station_rep2,OK,2,station,1000,0.0,0,0,1000000,1000000,2.0874959360808134,2.0864275358617306,2.082656,0.04188599999999999,479042.84876235895,,,,0,PASS,
E1_W2_batch_rr_rep2,OK,2,batch_rr,1000,0.0,0,0,1000000,1000000,1.9008833095431328,1.899839362129569,1.893487,0.041772,526071.2190904262,,,,0,PASS,
E1_W4_station_rep2,OK,4,station,1000,0.0,0,0,1000000,1000000,2.179223285987973,2.1781919840723276,2.1663229999999998,0.05472999999999999,458879.0907429386,,,,0,PASS,
E1_W4_batch_rr_rep2,OK,4,batch_rr,1000,0.0,0,0,1000000,1000000,1.869971077889204,1.8688987586647272,1.868809,0.035365,534767.6292024716,,,,0,PASS,
E1_W8_station_rep2,OK,8,station,1000,0.0,0,0,1000000,1000000,2.298832615837455,2.2978011947125196,2.297253,0.048963999999999994,435003.3982947055,,,,0,PASS,
E1_W8_batch_rr_rep2,OK,8,batch_rr,1000,0.0,0,0,1000000,1000000,1.8786250967532396,1.877544566988945,1.878015,0.035439,532304.1844422626,,,,0,PASS,
