n,m,p,mapper_tasks,input_rows,input_bytes,matrix_b_bytes,mapper_time_s,shuffle_time_s,reducer_time_s,total_time_s,output_bytes,throughput_rows_per_s,input_file
1,4,3,1,4,21,13,0.0386996,0.0022476,0.0365076,0.0815382,35,49.0567611254602,matrix_a.txt
1,4,3,2,4,21,13,0.0716036,0.0021075,0.0210418,0.0991068,35,40.3604999858738,matrix_a.txt
1,4,3,3,4,21,13,0.0865155,0.0020742,0.0208444,0.1134662,35,35.2527889362647,matrix_a.txt
3,1,2,1,1,10,21,0.0233554,0.0021745,0.0975137,0.1243979,5,8.03872091088354,matrix_a.txt
3,1,2,2,1,10,21,0.079916,0.002009,0.0253752,0.1099557,5,9.09457172297571,matrix_a.txt
3,1,2,3,1,10,21,0.0870673,0.0020005,0.0274526,0.1203397,5,8.30980964719041,matrix_a.txt
2,3,3,1,3,22,20,0.0691999,0.0018289,0.0223557,0.0985232,24,30.4496808873443,matrix_a.txt
2,3,3,2,3,22,20,0.0691301,0.0018397,0.022053,0.0969289,24,30.9505214647025,matrix_a.txt
2,3,3,3,3,22,20,0.0777474,0.0020532,0.023129,0.1063137,24,28.2183763710604,matrix_a.txt
2,5,2,1,5,37,15,0.0220366,0.0032602,0.0334446,0.0793056,30,63.0472501311383,matrix_a.txt
2,5,2,2,5,37,15,0.0697903,0.0026993,0.0226872,0.1008574,30,49.5749444264873,matrix_a.txt
2,5,2,3,5,37,15,0.0773162,0.0021026,0.0224372,0.1072471,30,46.6213072428066,matrix_a.txt
5,2,2,1,2,27,32,0.0676976,0.0027924,0.0234359,0.0960782,10,20.8163766598458,matrix_a.txt
5,2,2,2,2,27,32,0.0748646,0.0018458,0.0219459,0.1011846,10,19.7658536971041,matrix_a.txt
5,2,2,3,2,27,32,0.0345298,0.0019255,0.0311249,0.0723921,10,27.6273239759587,matrix_a.txt
4,4,4,1,4,46,41,0.0728569,0.0066653,0.027149,0.1426452,40,28.0416025215009,matrix_a.txt
4,4,4,1,4,46,41,0.0254282,0.0021835,0.0446002,0.0788127,40,50.753241546096,matrix_a.txt
4,4,4,2,4,46,41,0.0709166,0.0059823,0.0260287,0.1110898,40,36.0069061245947,matrix_a.txt
4,4,4,3,4,46,41,0.0781941,0.0098632,0.0225023,0.1158818,40,34.5179312023113,matrix_a.txt
5,3,3,1,3,42,42,0.0770423,0.0058307,0.0214634,0.1395163,24,21.5028638230802,matrix_a.txt
4,4,4,1,4,46,41,0.0439826,0.0059896,0.0230637,0.0968819,40,41.2873818535764,matrix_a.txt
4,4,4,2,4,46,41,0.0605753,0.0018909,0.0216609,0.0890699,40,44.9085493528117,matrix_a.txt
4,4,4,3,4,46,41,0.078797,0.0020764,0.0204557,0.10833,40,36.9242130527093,matrix_a.txt
5,3,3,1,3,42,42,0.0749618,0.0021849,0.0216287,0.1038219,24,28.8956376255877,matrix_a.txt
5,3,3,2,3,42,42,0.0669314,0.0061384,0.0220502,0.0978854,24,30.6480843925652,matrix_a.txt
5,3,3,3,3,42,42,0.0708841,0.0109481,0.0233154,0.1095041,24,27.3962344788917,matrix_a.txt
1,4,3,1,4,21,13,0.0557861,0.0019115,0.0206317,0.0842901,35,47.4551578417869,matrix_a.txt
1,4,3,2,4,21,13,0.0706302,0.0019063,0.0228255,0.1011291,35,39.5534025320111,matrix_a.txt
1,4,3,3,4,21,13,0.0586667,0.0056234,0.0267486,0.0957895,35,41.7582302862005,matrix_a.txt
3,1,2,1,1,10,21,0.0677376,0.0018695,0.0218549,0.0927965,5,10.776268501506,matrix_a.txt
3,1,2,2,1,10,21,0.0727452,0.0016856,0.0731621,0.1500802,5,6.66310412699343,matrix_a.txt
3,1,2,3,1,10,21,0.0742611,0.0018356,0.0225708,0.1012952,5,9.87213609331933,matrix_a.txt
2,3,3,1,3,22,20,0.0674525,0.0021541,0.0213103,0.095055,24,31.5606753984535,matrix_a.txt
2,3,3,2,3,22,20,0.0737653,0.0018868,0.0203147,0.0995662,24,30.1307070069964,matrix_a.txt
2,3,3,3,3,22,20,0.0803973,0.0023733,0.022152,0.1094259,24,27.4158128925602,matrix_a.txt
2,5,2,1,5,37,15,0.0729696,0.0022282,0.0225415,0.1070084,30,46.7253038079254,matrix_a.txt
2,5,2,2,5,37,15,0.0767313,0.0025422,0.0205977,0.1162506,30,43.0105306983362,matrix_a.txt
2,5,2,3,5,37,15,0.0898317,0.0027293,0.0225757,0.1198968,30,41.7025308431918,matrix_a.txt
5,2,2,1,2,27,32,0.0742503,0.0024731,0.0219921,0.1016688,10,19.6717183639425,matrix_a.txt
5,2,2,2,2,27,32,0.0762227,0.0021246,0.021382,0.1017688,10,19.6523885513045,matrix_a.txt
5,2,2,3,2,27,32,0.081711,0.0020931,0.0220036,0.1098055,10,18.2140238876923,matrix_a.txt
4,4,4,1,4,46,41,0.0834291,0.0065769,0.040955,0.1377146,40,29.0455768669408,matrix_a.txt
4,4,4,2,4,46,41,0.0921295,0.004376,0.0360848,0.1432058,40,27.931829576735,matrix_a.txt
4,4,4,3,4,46,41,0.09619,0.0040065,0.0338085,0.1433902,40,27.8959092043947,matrix_a.txt
4,4,4,1,4,46,41,0.1756785,0.0042714,0.0720968,0.267494,40,14.9536064360322,matrix_a.txt
4,4,4,2,4,46,41,0.1411374,0.0054041,0.0648039,0.2164908,40,18.476535723458,matrix_a.txt
4,4,4,3,4,46,41,0.1475947,0.0027956,0.0683359,0.2371158,40,16.8693946164701,matrix_a.txt
5,3,3,1,3,42,42,0.1273749,0.0169363,0.0725906,0.2230605,24,13.4492660063077,matrix_a.txt
5,3,3,2,3,42,42,0.1410678,0.0057376,0.0755255,0.2268668,24,13.2236184404241,matrix_a.txt
5,3,3,3,3,42,42,0.1229343,0.0105433,0.0673657,0.2066465,24,14.5175456637301,matrix_a.txt
1,4,3,1,4,21,13,0.1303145,0.0024374,0.0665256,0.2051692,35,19.4961037036748,matrix_a.txt
1,4,3,2,4,21,13,0.1300277,0.0024214,0.0734733,0.2106209,35,18.9914676083902,matrix_a.txt
1,4,3,3,4,21,13,0.1483187,0.0030984,0.0717816,0.2284855,35,17.5065813804377,matrix_a.txt
3,1,2,1,1,10,21,0.1326253,0.002745,0.0701394,0.2067648,5,4.83641316123441,matrix_a.txt
3,1,2,2,1,10,21,0.1385835,0.0028604,0.065261,0.2089909,5,4.78489733285038,matrix_a.txt
3,1,2,3,1,10,21,0.122522,0.002725,0.0722894,0.1999579,5,5.0010527215979,matrix_a.txt
2,3,3,1,3,22,20,0.1310364,0.004662,0.0683186,0.2328474,24,12.8839746546451,matrix_a.txt
2,3,3,2,3,22,20,0.1523985,0.0039153,0.0716153,0.2358476,24,12.7200785592052,matrix_a.txt
2,3,3,3,3,22,20,0.135488,0.0040933,0.0690035,0.2124037,24,14.124047744931,matrix_a.txt
2,5,2,1,5,37,15,0.1209962,0.0029004,0.0641706,0.1960355,30,25.5055844477148,matrix_a.txt
2,5,2,2,5,37,15,0.1156263,0.005346,0.0716611,0.2118632,30,23.6001344263657,matrix_a.txt
2,5,2,3,5,37,15,0.1273618,0.0048761,0.0671074,0.2060264,30,24.2687344922787,matrix_a.txt
5,2,2,1,2,27,32,0.1337764,0.012977,0.0696974,0.220099,10,9.08682002189924,matrix_a.txt
5,2,2,2,2,27,32,0.1535651,0.008697,0.0657215,0.2316239,10,8.63468752576915,matrix_a.txt
5,2,2,3,2,27,32,0.1210972,0.0036367,0.0756383,0.2050698,10,9.75277685939129,matrix_a.txt
4,4,4,1,4,46,41,0.1563577,0.0055179,0.0362122,0.2031725,40,19.6877037984964,matrix_a.txt
4,4,4,2,4,46,41,0.1198956,0.0029541,0.063992,0.1904095,40,21.0073552002395,matrix_a.txt
4,4,4,3,4,46,41,0.1404069,0.002396,0.066507,0.2151476,40,18.5918876157577,matrix_a.txt
1000,1000,1000,1,1000,2004890,2001011,0.8261303,0.045163,0.3498912,24.0331054,2001000,41.6092711847384,matrix_a.txt
4,4,4,1,4,46,41,0.039903,0.051456,0.030524,0.281474,0,14.210904,matrix_a.txt,even-square
4,4,4,2,4,46,41,0.052534,0.053430,0.027391,0.283647,0,14.102035,matrix_a.txt,even-square
4,4,4,3,4,46,41,0.091377,0.048231,0.028687,0.314834,0,12.705108,matrix_a.txt,even-square
5,3,3,1,3,42,42,0.034760,0.052238,0.028022,0.245926,0,12.198792,matrix_a.txt,odd-rectangular
5,3,3,2,3,42,42,0.050681,0.050711,0.031915,0.275466,0,10.890636,matrix_a.txt,odd-rectangular
5,3,3,3,3,42,42,0.089788,0.051591,0.026199,0.337053,0,8.900677,matrix_a.txt,odd-rectangular
1,4,3,1,4,21,13,0.034153,0.048056,0.031053,0.249743,0,16.016465,matrix_a.txt,single-column
1,4,3,2,4,21,13,0.057868,0.047790,0.029498,0.301282,0,13.276598,matrix_a.txt,single-column
1,4,3,3,4,21,13,0.076605,0.044229,0.029431,0.300876,0,13.294513,matrix_a.txt,single-column
3,1,2,1,1,10,21,0.037223,0.046182,0.029883,0.274127,0,3.647944,matrix_a.txt,single-row
3,1,2,2,1,10,21,0.054276,0.058712,0.026211,0.293697,0,3.404870,matrix_a.txt,single-row
3,1,2,3,1,10,21,0.083953,0.061273,0.028283,0.326439,0,3.063359,matrix_a.txt,single-row
2,3,3,1,3,22,20,0.036614,0.057012,0.027407,0.262291,0,11.437678,matrix_a.txt,square
2,3,3,2,3,22,20,0.064133,0.051124,0.030724,0.287404,0,10.438268,matrix_a.txt,square
2,3,3,3,3,22,20,0.089074,0.044571,0.032343,0.349326,0,8.587967,matrix_a.txt,square
2,5,2,1,5,37,15,0.034603,0.050682,0.035130,0.276672,0,18.071941,matrix_a.txt,tall
2,5,2,2,5,37,15,0.067844,0.050811,0.046134,0.302631,0,16.521771,matrix_a.txt,tall
2,5,2,3,5,37,15,0.107184,0.051185,0.027524,0.359100,0,13.923698,matrix_a.txt,tall
5,2,2,1,2,27,32,0.039265,0.066249,0.028551,0.265880,0,7.522190,matrix_a.txt,wide
5,2,2,2,2,27,32,0.078069,0.069053,0.034778,0.359976,0,5.555926,matrix_a.txt,wide
5,2,2,3,2,27,32,0.072160,0.065009,0.025485,0.311752,0,6.415356,matrix_a.txt,wide
1000,1000,1000,1,1000,2004890,2001011,0.044479,0.061046,0.035334,0.286490,0,3490.523229,matrix_a.txt,large-1000x1000
